{
  "Right Option Key Sends" : 0,
  "Tags" : [

  ],
  "Ansi 12 Color" : {
    "Green Component" : 0.68627452850341797,
    "Red Component" : 0.56078433990478516,
    "Blue Component" : 0.84313726425170898
  },
  "Use Non-ASCII Font" : false,
  "Draw Powerline Glyphs" : false,
  "Bold Color" : {
    "Green Component" : 1,
    "Red Component" : 1,
    "Blue Component" : 1
  },
  "Ansi 6 Color" : {
    "Green Component" : 0.52941179275512695,
    "Red Component" : 0.37254902720451355,
    "Blue Component" : 0.52941179275512695
  },
  "Normal Font" : "GohuFontMedium 13",
  "Guid" : "2ADDE094-5542-4628-AAAB-32D590C89E6F",
  "Rows" : 25,
  "Default Bookmark" : "No",
  "Link Color" : {
    "Red Component" : 0,
    "Color Space" : "sRGB",
    "Blue Component" : 0.73423302173614502,
    "Alpha Component" : 1,
    "Green Component" : 0.35916060209274292
  },
  "Ansi 2 Color" : {
    "Green Component" : 0.52941179275512695,
    "Red Component" : 0.37254902720451355,
    "Blue Component" : 0.37254902720451355
  },
  "Cursor Guide Color" : {
    "Red Component" : 0.70213186740875244,
    "Color Space" : "sRGB",
    "Blue Component" : 1,
    "Alpha Component" : 0.25,
    "Green Component" : 0.9268307089805603
  },
  "Non-ASCII Anti Aliased" : true,
  "Use Bright Bold" : false,
  "Ansi 10 Color" : {
    "Green Component" : 0.68627452850341797,
    "Red Component" : 0.52941179275512695,
    "Blue Component" : 0.52941179275512695
  },
  "Ambiguous Double Width" : false,
  "Jobs to Ignore" : [
    "rlogin",
    "ssh",
    "slogin",
    "telnet"
  ],
  "Show Status Bar" : false,
  "Ansi 15 Color" : {
    "Green Component" : 1,
    "Red Component" : 1,
    "Blue Component" : 1
  },
  "Foreground Color" : {
    "Green Component" : 0.73725491762161255,
    "Red Component" : 0.73725491762161255,
    "Blue Component" : 0.73725491762161255
  },
  "Working Directory" : "\/Users\/gabriel",
  "Use Tab Color" : false,
  "Blinking Cursor" : true,
  "Disable Window Resizing" : true,
  "Sync Title" : false,
  "Prompt Before Closing 2" : false,
  "BM Growl" : true,
  "Command" : "",
  "Description" : "Default",
  "Mouse Reporting" : true,
  "Screen" : -1,
  "Selection Color" : {
    "Green Component" : 0.8353000283241272,
    "Red Component" : 0.70980000495910645,
    "Blue Component" : 1
  },
  "Columns" : 80,
  "Idle Code" : 0,
  "Ansi 13 Color" : {
    "Green Component" : 0.52941179275512695,
    "Red Component" : 0.52941179275512695,
    "Blue Component" : 0.68627452850341797
  },
  "Brighten Bold Text" : false,
  "Custom Command" : "No",
  "ASCII Anti Aliased" : false,
  "Non Ascii Font" : "Monaco 12",
  "Vertical Spacing" : 1,
  "Use Bold Font" : false,
  "Option Key Sends" : 0,
  "Selected Text Color" : {
    "Green Component" : 0.18823531270027161,
    "Red Component" : 0.18823531270027161,
    "Blue Component" : 0.18823531270027161
  },
  "Background Color" : {
    "Green Component" : 0.14901961386203766,
    "Red Component" : 0.14901961386203766,
    "Blue Component" : 0.14901961386203766
  },
  "Character Encoding" : 4,
  "Ansi 11 Color" : {
    "Green Component" : 1,
    "Red Component" : 1,
    "Blue Component" : 0.68627452850341797
  },
  "Thin Strokes" : 4,
  "Use Italic Font" : true,
  "Unlimited Scrollback" : false,
  "Keyboard Map" : {
    "0xf700-0x260000" : {
      "Text" : "[1;6A",
      "Action" : 10
    },
    "0x37-0x40000" : {
      "Text" : "0x1f",
      "Action" : 11
    },
    "0x32-0x40000" : {
      "Text" : "0x00",
      "Action" : 11
    },
    "0xf709-0x20000" : {
      "Text" : "[17;2~",
      "Action" : 10
    },
    "0xf70c-0x20000" : {
      "Text" : "[20;2~",
      "Action" : 10
    },
    "0xf729-0x20000" : {
      "Text" : "[1;2H",
      "Action" : 10
    },
    "0xf72b-0x40000" : {
      "Text" : "[1;5F",
      "Action" : 10
    },
    "0xf705-0x20000" : {
      "Text" : "[1;2Q",
      "Action" : 10
    },
    "0xf703-0x260000" : {
      "Text" : "[1;6C",
      "Action" : 10
    },
    "0xf700-0x220000" : {
      "Text" : "[1;2A",
      "Action" : 10
    },
    "0xf701-0x280000" : {
      "Text" : "0x1b 0x1b 0x5b 0x42",
      "Action" : 11
    },
    "0x38-0x40000" : {
      "Text" : "0x7f",
      "Action" : 11
    },
    "0x33-0x40000" : {
      "Text" : "0x1b",
      "Action" : 11
    },
    "0xf703-0x220000" : {
      "Text" : "[1;2C",
      "Action" : 10
    },
    "0xf701-0x240000" : {
      "Text" : "[1;5B",
      "Action" : 10
    },
    "0xf70d-0x20000" : {
      "Text" : "[21;2~",
      "Action" : 10
    },
    "0xf702-0x260000" : {
      "Text" : "[1;6D",
      "Action" : 10
    },
    "0xf729-0x40000" : {
      "Text" : "[1;5H",
      "Action" : 10
    },
    "0xf706-0x20000" : {
      "Text" : "[1;2R",
      "Action" : 10
    },
    "0x34-0x40000" : {
      "Text" : "0x1c",
      "Action" : 11
    },
    "0xf700-0x280000" : {
      "Text" : "0x1b 0x1b 0x5b 0x41",
      "Action" : 11
    },
    "0x2d-0x40000" : {
      "Text" : "0x1f",
      "Action" : 11
    },
    "0xf70e-0x20000" : {
      "Text" : "[23;2~",
      "Action" : 10
    },
    "0xf702-0x220000" : {
      "Text" : "[1;2D",
      "Action" : 10
    },
    "0xf703-0x280000" : {
      "Text" : "0x1b 0x1b 0x5b 0x43",
      "Action" : 11
    },
    "0xf700-0x240000" : {
      "Text" : "[1;5A",
      "Action" : 10
    },
    "0xf707-0x20000" : {
      "Text" : "[1;2S",
      "Action" : 10
    },
    "0xf70a-0x20000" : {
      "Text" : "[18;2~",
      "Action" : 10
    },
    "0x35-0x40000" : {
      "Text" : "0x1d",
      "Action" : 11
    },
    "0xf70f-0x20000" : {
      "Text" : "[24;2~",
      "Action" : 10
    },
    "0xf703-0x240000" : {
      "Text" : "[1;5C",
      "Action" : 10
    },
    "0xf701-0x260000" : {
      "Text" : "[1;6B",
      "Action" : 10
    },
    "0xf702-0x280000" : {
      "Text" : "0x1b 0x1b 0x5b 0x44",
      "Action" : 11
    },
    "0xf72b-0x20000" : {
      "Text" : "[1;2F",
      "Action" : 10
    },
    "0x36-0x40000" : {
      "Text" : "0x1e",
      "Action" : 11
    },
    "0xf708-0x20000" : {
      "Text" : "[15;2~",
      "Action" : 10
    },
    "0xf701-0x220000" : {
      "Text" : "[1;2B",
      "Action" : 10
    },
    "0xf70b-0x20000" : {
      "Text" : "[19;2~",
      "Action" : 10
    },
    "0xf702-0x240000" : {
      "Text" : "[1;5D",
      "Action" : 10
    },
    "0xf704-0x20000" : {
      "Text" : "[1;2P",
      "Action" : 10
    }
  },
  "Window Type" : 0,
  "Blink Allowed" : false,
  "Cursor Type" : 2,
  "Background Image Location" : "",
  "Blur" : false,
  "Badge Color" : {
    "Red Component" : 1,
    "Color Space" : "sRGB",
    "Blue Component" : 0,
    "Alpha Component" : 0.5,
    "Green Component" : 0.1491314172744751
  },
  "Scrollback Lines" : 0,
  "Send Code When Idle" : false,
  "Close Sessions On End" : true,
  "Terminal Type" : "xterm",
  "Visual Bell" : true,
  "Flashing Bell" : false,
  "Status Bar Layout" : {
    "components" : [

    ],
    "advanced configuration" : {
      "font" : ".AppleSystemUIFont 12",
      "algorithm" : 0
    }
  },
  "Silence Bell" : false,
  "Mouse Reporting allow mouse wheel" : false,
  "Ansi 14 Color" : {
    "Green Component" : 0.68627452850341797,
    "Red Component" : 0.37254902720451355,
    "Blue Component" : 0.68627452850341797
  },
  "ASCII Ligatures" : false,
  "Name" : "Default",
  "Cursor Text Color" : {
    "Green Component" : 1,
    "Red Component" : 1,
    "Blue Component" : 1
  },
  "Shortcut" : "",
  "Cursor Color" : {
    "Green Component" : 0.73333334922790527,
    "Red Component" : 0.73333334922790527,
    "Blue Component" : 0.73333334922790527
  },
  "Ansi 0 Color" : {
    "Green Component" : 0.1098039299249649,
    "Red Component" : 0.1098039299249649,
    "Blue Component" : 0.1098039299249649
  },
  "Transparency" : 0,
  "Ansi 1 Color" : {
    "Green Component" : 0.37254902720451355,
    "Red Component" : 0.68627452850341797,
    "Blue Component" : 0.37254902720451355
  },
  "Ansi 3 Color" : {
    "Green Component" : 0.52941179275512695,